555 WE TIP	true
8-Track	true
A Home in the Hills	true
Against All Odds	true
Air Races	true
Air Raid	true
All Races Won	false
Amphibious Assault	true
Angel Pine (Safehouse)	true
Architectural Espionage	true
Are You Going To San Fierro?	true
Assets	true
BL	true
BMX Stunt Challenge	true
Backroad Wanderer	false
Badlands	true
Bandito County	false
Barnstorming	false
Beat Down on B Dup	true
Big Smoke	true
Bike School Passed	true
Black Project	true
Bloodring	true
Blueberry (Safehouse)	true
Boat School Passed	true
Body Harvest	true
Breaking the Bank at Caligula's	true
Burning Desire	true
Calton Heights (Safehouse)	true
Catalyst	true
Cesar Vialpando	true
Challenges	true
Chiliad Challenge #1	true
Chiliad Challenge #2	true
Chiliad Challenge #3	true
Chinatown (Safehouse)	true
Chopper Checkpoint	false
City Circuit	false
Cleaning the Hood	true
Cop Wheels	true
Country Endurance	false
Creek (Safehouse)	true
Customs Fast Track	true
Cut Throat Business	true
Dam Rider	false
Dam and Blast	true
Deconstruction	true
Desert	true
Desert Tricks	false
Dillimore (Safehouse)	true
Dirt Track	true
Dirtbike Danger	false
Doberman	true
Doherty (Safehouse)	true
Don Peyote	true
Drive-By	true
Drive-Thru	true
Driving School Passed	true
Driving School Started	false
El Quebrados (Safehouse)	true
End of the Line Part 1	false
End of the Line Part 2	true
End of the Line Part 3	true
Explosive Situation	true
Export Admiral	true
Export BF Injection	false
Export Banshee	false
Export Blade	false
Export Blista Compact	false
Export Buffalo	true
Export Camper	true
Export Cheetah	false
Export Comet	false
Export Euros	false
Export FCR-900	false
Export Feltzer	true
Export Freeway	false
Export Huntley	false
Export Infernus	true
Export Journey	false
Export List 1	true
Export List 1 Complete	false
Export List 2	true
Export List 2 Complete	true
Export List 3	true
Export List 3 Complete	true
Export Lists	true
Export Mesa	false
Export Patriot	true
Export Rancher	false
Export Remington	true
Export Sabre	false
Export Sanchez	true
Export Sentinel	true
Export Slamvan	false
Export Stafford	false
Export Stallion	false
Export Stretch	true
Export Super GT	false
Export Tanker	false
Export ZR-350	false
Farewell, My Love	true
Fender Ketchup	true
Firefighter Complete	true
Fish in a Barrel	true
Fort Carson (Safehouse)	true
Freefall	true
Freeway (Race)	false
Freight Level 1	false
Freight Level 2	true
GT #1	false
GT #2	false
Go-Go Karting	false
Gray Imports	true
Green Goo	true
Grove 4 Life	true
Gym Moves	true
Hashbury (Safehouse)	true
HeistMissions	true
Heli Hell	false
High Noon	true
High Stakes Lowrider	true
Highjack	true
Home Coming	true
Home Invasion	true
HorseshoesAll	false
HorseshoesEach	true
House Party	true
House Party (Cutscene)	true
Ice Cold Killa	true
Intensive Care	true
Interdiction	true
Into the Country	false
Jefferson (Safehouse)	true
Jizzy	true
Jizzy (Cutscene)	true
Just Business	true
Key to her Heart	true
Kickstart	true
King in Exile	true
LS	true
LS Races	true
LV	true
LV Races	true
LV Ringroad	false
Las Venturas Courier	true
Las Venturas Gym Moves	true
Learning to Fly	true
Life's a Beach	true
Little Loop	false
Local Liquor Store	true
Los Desperados	true
Los Santos Courier	true
Los Santos Gym Moves	true
Los Sepulcros	true
Lure	true
Madd Dogg	true
Madd Dogg's Rhymes	true
Management Issues	true
Mike Toreno	true
Military Service	false
Misappropriation	true
Monster	true
Mountain Cloud Boys	true
Mulholland (Safehouse)	true
N.O.E.	true
NRG-500 Stunt Challenge	true
New Model Army	true
Nines and AKs	true
OG Loc	true
Old Venturas Strip (Hotel Suite)	true
Outrider	true
OystersAll	false
OystersEach	true
Palomino Creek (Safehouse)	true
Paradiso (Safehouse)	true
Paramedic Complete	true
Photo Opportunity	true
PhotosAll	false
PhotosEach	true
Pier 69	true
Pimping Complete	true
Pirates In Men's Pants (Hotel Suite)	true
Plane Flight	false
Prickle Pine (Safehouse)	true
Properties	true
Puncture Wounds	true
Quarry 1	false
Quarry 2	false
Quarry 3	false
Quarry 4	false
Quarry 5	true
Quarry 6	false
Quarry 7	true
QuarryMissions	true
Queens (Hotel Suite)	false
RTLS	true
Races	true
Ran Fa Li	true
Redsands West (Safehouse)	true
Reuniting the Families	true
Riot	true
Robbing Uncle Sam	true
Rockshore West (Safehouse)	true
Running Dog	true
Ryder	true
SF	true
SF Races	true
SF to LV	false
Saint Mark's Bistro	true
San Fierro Courier	true
San Fierro Fastlane	false
San Fierro Gym Moves	true
San Fierro Hills	false
Santa Maria Beach (Safehouse)	true
Schools	true
Shooting Range Complete	true
Small Town Bank	true
Snail Trail	true
Stadium Events	true
Stowaway	true
Stunts (Completed)All	false
Stunts (Completed)Each	false
Supply Lines...	true
Sweet's Girl	true
T-Bone Mendez	true
Tagging up Turf	true
TagsAll	false
TagsEach	true
Tanker Commander	true
Taxi Mission Complete	true
Test Drive	true
The Camel's Toe (Hotel Suite)	true
The Clown's Pocket (Hotel Suite)	true
The Da Nang Thang	true
The Green Sabre	true
The Meat Business	true
Tierra Robada (Safehouse)	true
Toreno's Last Flight	true
Trucking 1	true
Trucking 2	true
Trucking 3	true
Trucking 4	true
Trucking 5	true
Trucking 6	true
Trucking 7	true
Trucking 8	true
TruckingMissions	true
Up, Up and Away!	true
Valet Parking Complete	true
Vehicle Submissions	true
Verdant Bluffs (Safehouse)	true
Verdant Meadows	true
Verdant Meadows (Safehouse)	true
Verona Beach (Safehouse)	true
Vertical Bird	true
Vigilante Complete	true
Vinewood (Race)	false
Wang Cars (Showroom Bought)	true
Wang CarsMissions	true
Wear Flowers in your Hair	true
Whetstone (Safehouse)	true
Whirly Bird Waypoint	false
Whitewood Estate (Safehouse)	true
Willowfield (Safehouse)	true
World War Ace	false
Wrong Side of the Tracks	true
Wu Zi Mu	true
Yay Ka-Boom-Boom	true
You've Had Your Chips	true
Zero (RC Shop Bought)	true
ZeroMissions	true
Zeroing In	true
any%	false
doubleSplitPrevention	true
reset	true
start	true
